{"semiexp":3460.0526315789475,"hogloid":2673.789473684211,"ksun48":2703,"Reyna":1917.5789473684213,"snuke":3139,"FatalEagle":2189,"uwi":3001.315789473684,"GendelPiekel":2912,"yokozuna57":2850,"Marcin":2642,"Zlobober":3019,"izrak":2845,"Laakeri":2183,"kcm1700":2354,"ffao":2118.157894736842,"cgy4ever":4128,"DEGwer":3157.421052631579,"yosupo":3475,"omeometo":3323,"Lepton":2345.421052631579,"spnautilus":3041,"ir5":2547.578947368421,"tos":2861,"khadaev":2830,"tokoharu":2813.2631578947376,"piroz95":2247.4736842105262,"sankear":1674,"gongy":1983,"avolchek":1665,"irkstepanov":2259,"Antiforest":2322,"yutaka1999":2672,"kawatea":2712.3684210526317,"latte0119":2431,"jcvb":3390,"akulsareen":2383,"netman":2464.789473684211,"vyacheslav":2335,"Vladik":1840.3684210526317,"zemen":3345.421052631579,"pekempey":2549.0000000000005,"Namnamseo":2126,"Huziwara":2573.5789473684213,"explorer1230":1979,"SanSiroWaltz":2212,"majk":2406.8947368421054,"reew2n":2418.684210526316,"Al3ks1002":1502,"shik":2745.894736842106,"dohatsutsu":2243.947368421053,"bigINnnner":2007,"reality":1962,"kmjp":2425,"maroonrk":2378.526315789474,"Hec":2597.315789473684,"kusano":2255,"USA":2550,"azukun":2300.736842105263,"drafear":2544,"sky58":2992.947368421053,"dreamoon":2184.4210526315787,"xellos":2578,"Gassa":2353,"fedosik":2173,"eddy1021":2681,"vedaanta":1155.6842105263158,"LayCurse":2281.4736842105267,"mamekin":2334.4210526315787,"nuip":2604.8947368421054,"kobae964":2478,"themoai34":2213.7368421052633,"august14":3100,"camypaper":2314,"hasi":2436.2631578947367,"kimiyuki":2060.421052631579,"nonira321":1694.3684210526317,"btk15049":2278.7894736842104,"maryanna2016":2459.8947368421054,"unsre":1536,"Arterm":2892.0526315789475,"ctyl":2221.157894736842,"negativeb":2625.263157894737,"hamko":1231.7368421052633,"phirasit":2789,"tanakh":2085.2105263157896,"Warden":1485.1052631578948,"lyoz":2277.6842105263163,"TangentDay":2224.8421052631584,"Muco":1973,"kenimo":2078.157894736842,"Ktya_59":2047,"drazil1234":2460,"zoomswk":1862,"donkey":1728.2105263157898,"capythm":2217.315789473684,"sigma425":2555.4736842105262,"george_s":2729,"TakaakiUmedu":1936,"satanic0258":1760,"treeone":1933.0526315789475,"hs484":2215.157894736842,"tatuyan":2008,"iica":2362,"mayoko":2233.684210526316,"kakajapan31":1867,"spencer":1749,"eukaryo":2067.8947368421054,"phyllo":1824,"kzyKT":1976.7368421052633,"ynq1242":2252,"tspcx":1958.8421052631581,"matsu7874":1996,"Johniel":1889,"nasa":2474,"takoshi":1838,"ixmel_rd":1788.157894736842,"Tan90909090":1664,"abgnwl":2318,"gotto":2117.7368421052633,"n_knuu":1585.3157894736844,"DmitryBelikov":2163.3684210526317,"imulan":1987.3157894736844,"akashdeep":2195.5789473684213,"rickytheta":2308,"Elshiko":1688,"aurinegro":2345,"sujin2010":1879,"garnacha":2059.789473684211,"kazuma":1521.842105263158,"moririn2528":1636.9473684210527,"nmmlitswe":2062.2105263157896,"sumoooru":1773.1052631578948,"maesora":1496,"ninja7":1209.0526315789473,"jumpwmk":1624,"Vax":1987.7368421052631,"siotouto":1356,"tatt61880":1583.421052631579,"Motarack":1819.578947368421,"torus711":2075.3684210526317,"yash_mittal":2022.4210526315792,"amylase":2488,"kimnoic":2197,"femto16":1783.6315789473686,"PIandS":1944,"palpal":2031,"tsuburin":2065.684210526316,"yuki681":1888.7368421052633,"HORI1991":1473,"omu":1977,"wangchong756":1428.3684210526317,"spiderbatman":1758,"ccsnoopy":1969,"rabot":1764,"n2_":2506,"masafumi":1767,"mtsd":1452.947368421053,"mugenen":711,"wanimaru47":1401,"XzA_2123":1570.7368421052633,"NSTomoS":1873.3684210526317,"Dekacc":1592,"ichigo":1884,"saltcandy123":1897,"hey":1946,"damekamo":1649.1052631578948,"Doju":2593,"toe42vbnys":1460,"a2stnk":2061.263157894737,"Gobi":1631,"nokoTaro":1970,"alei":2440,"misty1999":1307.0000000000002,"dwik":1376.4736842105265,"Hoi_koro":1898.157894736842,"sukeesh":1474,"KingArthur":914,"suigingin":1652,"obsproth":874,"takamoto":2175.421052631579,"hirokazu1020":1951.368421052632,"mio_h1917":1469.6842105263158,"nwin":2678,"oigami":1582.8947368421054,"oyas":2078,"Eeyore":1519.0000000000002,"yu3mars":1764.263157894737,"plasmaeffect":1209.7894736842109,"johnathan79717":1736,"yurahuna":1858.5789473684213,"snakazawa":1573,"m_buyoh":1928.7368421052633,"foo":1894.4736842105265,"kosakkun":711,"iwashi31":2135.8421052631584,"kotobuki":1578.3157894736844,"minus9d":1836.0000000000002,"mon10":1491.7368421052633,"platypus":1652.6315789473686,"pekoong":1676,"yuiop":1476.842105263158,"tkzw_21":1706.7368421052633,"kmatsunaga":1967,"roiti":1925,"poomrokc":874,"ei13333":1972.7368421052631,"smiken":2261.8947368421054,"takefekat":1412,"elzup":1702,"drken":1963.9473684210527,"rantd":2221,"jasy":1753.157894736842,"FF256grhy":2050,"tossy":1846.8947368421054,"Tenpa0201":1796.368421052632,"Pulmn":1714,"akovski":2221,"yasuyuky":1755,"fine":1907.4736842105262,"ACplus":1367,"passcut2000":1588.8421052631581,"Tatsuno":1652.263157894737,"purple_jwl":1901,"ngochai":2198.894736842105,"tianyichen":1610,"code_cola":1191.7894736842106,"kyuridenamida":2052,"AlexeyEnkov":2411.4736842105267,"riantkb":2111,"arosh":1859.2105263157896,"Gear":1227,"frnfnts":1419.6315789473686,"naimonon77":1292,"zaburo":1867.7368421052631,"walkre":1712.7368421052631,"zscoder":1947.0000000000002,"frank_c1":2018,"brook":1607.7894736842106,"kfoozminus":897,"spica314":2220.368421052632,"hamadu":2421.1578947368425,"T1610":1809.7368421052633,"liangsheng":1599.3157894736842,"gigime":1681.9473684210527,"shas19":1395.6315789473683,"Naoki_M_":1419.1052631578948,"kotamanegi":1644.3684210526317,"inaba3":1060.5789473684213,"SGZW":1192.0526315789475,"ngs":1749.3684210526317,"startcpp":1573.7368421052633,"keitaro9ml":1206,"chuka231":1108.3157894736844,"kaz49bz":1555.7368421052633,"miraxial":1137.6315789473686,"rajat1603":1926,"levi":1312.1578947368423,"murabito_kog":1002.3157894736843,"suzume":1430,"npz35":1631.6842105263158,"tsutaj":1101,"Poly":1079.4736842105265,"cactoid":1004.4736842105264,"ophelia":1626.105263157895,"yukim":1973.2105263157898,"okaduki":2220.0526315789475,"p_km":1596,"C137":1603,"maze1230":1560.2631578947369,"tosaka2":1749.0526315789473,"ats5515":1222,"natsuki_subaru":1777.4736842105262,"autumn_eel":1400.7894736842106,"deka0106":1819.526315789474,"beet":1779.8947368421054,"hotpepsi":1313,"a3636tako":1961.7894736842106,"StillHungry":1517,"Top34051":2206,"Yoshioka":2396,"kivantium":1888,"lay20114":1919.578947368421,"furuya1223":2090,"myusa":1993,"tubo28":2202.8947368421054,"deepit":711,"anzg78":1250.5789473684213,"xyz600":1836,"sekiya9311":1542.684210526316,"adkroxx":2029,"kazunetakahashi":2128,"yambe2002":1611.578947368421,"kurumitukinako":1351,"Izryt":1557,"togatoga":1814.4210526315792,"kurenaif":1177,"achaitanyasai":1947.7368421052631,"yka":984.8421052631579,"rika0384":1317.0526315789475,"kasuka":1049.578947368421,"gsmcoder97":1511,"tom_mol":796.8421052631579,"typijo":1697,"serisuza":1664.2105263157896,"altema":979,"pantacia1128":1373,"poyodr":1967.8421052631581,"oshiumi":1022,"gtpan77":1633.6842105263158,"legedooz":719,"nodanadon":1082.4736842105262,"nmnmnmnmnmnmnm":1598,"Halksel":1761.0526315789475,"material":1534,"hts323227":1133,"rain528":1134.1052631578948,"oda1979":903.2105263157895,"motxx":1886.421052631579,"murashin":1126.8947368421054,"Ryui":961,"wtnk0812":1231,"mondatto":2138.5263157894738,"kato115":2043,"tarako":1468.6315789473686,"oyakodon":1147.1578947368423,"vineyoshi":1553,"scor":1078,"mmxsrup":1521.3157894736844,"JKJeong":2262,"hamukichi":1537.0000000000002,"ikeha":1179.2631578947369,"tetsuma":1891,"tahsynx":1563,"AutoKutar":1586,"fmhr":1360,"abinash":1796,"Nekomimimi":175,"nasatame":1432.4210526315792,"Kan_0021":811,"arkray":818,"morimotoo":1198,"jamilneet":1021.0000000000001,"uchi":1242.684210526316,"ikd":1261.8947368421054,"Kampachi":1736.9473684210527,"sacheendra9044":1541,"mikageda":1137,"itezpace":1399.1578947368423,"noteton":1382,"daiota":1380,"polyomino":1717.5263157894738,"teru0726":1220.6842105263158,"Luzhiled":1013,"ringoh72":1677.8947368421054,"komorin95":1420,"fushigu":935,"Wiise_Syrian":1341,"kurokoji":1222.6315789473686,